text,value
hajagiree  0,हजगिरी
chekaanv  1,चेकॉव
spinagaarn  2,स्पिनगार्न
medal  3,मेडल
chetthinaad  4,चेत्तिनाद
hari  5,हरी
bhoomi  6,भूमि
yaanhmsan  7,थॉम्सन
hanumaan  8,हनुमान
abhinetri  9,अभिनेत्री
to  10,टू
abhinetri  11,अभिनेत्री
to  12,टू
hajagiree  13,हजगिरी
chekaanv  14,चेकॉव
spinagaarn  15,स्पिनगार्न
medal  16,मेडल
chetthinaad  17,चेत्तिनाद
hari  18,हरी
bhoomi  19,भूमि
yaanhmsan  20,थॉम्सन
hanumaan  21,हनुमान
abhinetri  22,अभिनेत्री
to  23,टू
abhinetri  24,अभिनेत्री
to sdkc   25,टू
towiugw  26,टू
hajagiree  27,हजगिरी
chekaanv  28,चेकॉव
spinagaarn  29,स्पिनगार्न
medal  30,मेडल
chetthinaad  31,चेत्तिनाद
hari  32,हरी
bhoomi  33,भूमि
yaanhmsan  34,थॉम्सन
hanumaan  35,हनुमान
abhinetri  36,अभिनेत्री
to  37,टू
abhinetri  38,अभिनेत्री
to  39,टू
hajagiree  40,हजगिरी
chekaanv  41,चेकॉव
spinagaarn  42,स्पिनगार्न
medal  43,मेडल
chetthinaad  44,चेत्तिनाद
hari  45,हरी
bhoomi  46,भूमि
yaanhmsan  47,थॉम्सन
hanumaan  48,हनुमान
abhinetri  49,अभिनेत्री
to  50,टू
abhinetri  51,अभिनेत्री
to sdkc   52,टू
towiugw  53,टू
hajagiree  54,हजगिरी
chekaanv  55,चेकॉव
spinagaarn  56,स्पिनगार्न
medal  57,मेडल
chetthinaad  58,चेत्तिनाद
hari  59,हरी
bhoomi  60,भूमि
yaanhmsan  61,थॉम्सन
hanumaan  62,हनुमान
abhinetri  63,अभिनेत्री
to  64,टू
abhinetri  65,अभिनेत्री
to  66,टू
hajagiree  67,हजगिरी
chekaanv  68,चेकॉव
spinagaarn  69,स्पिनगार्न
medal  70,मेडल
chetthinaad  71,चेत्तिनाद
hari  72,हरी
bhoomi  73,भूमि
yaanhmsan  74,थॉम्सन
hanumaan  75,हनुमान
abhinetri  76,अभिनेत्री
to  77,टू
abhinetri  78,अभिनेत्री
to sdkc   79,टू
towiugw  80,टू
hajagiree  81,हजगिरी
chekaanv  82,चेकॉव
spinagaarn  83,स्पिनगार्न
medal  84,मेडल
chetthinaad  85,चेत्तिनाद
hari  86,हरी
bhoomi  87,भूमि
yaanhmsan  88,थॉम्सन
hanumaan  89,हनुमान
abhinetri  90,अभिनेत्री
to  91,टू
abhinetri  92,अभिनेत्री
to  93,टू
hajagiree  94,हजगिरी
chekaanv  95,चेकॉव
spinagaarn  96,स्पिनगार्न
medal  97,मेडल
chetthinaad  98,चेत्तिनाद
hari  99,हरी
bhoomi  100,भूमि
yaanhmsan  101,थॉम्सन
hanumaan  102,हनुमान
abhinetri  103,अभिनेत्री
to  104,टू
abhinetri  105,अभिनेत्री
to sdkc   106,टू
towiugw  107,टू
hajagiree  108,हजगिरी
chekaanv  109,चेकॉव
spinagaarn  110,स्पिनगार्न
medal  111,मेडल
chetthinaad  112,चेत्तिनाद
hari  113,हरी
bhoomi  114,भूमि
yaanhmsan  115,थॉम्सन
hanumaan  116,हनुमान
abhinetri  117,अभिनेत्री
to  118,टू
abhinetri  119,अभिनेत्री
to  120,टू
hajagiree  121,हजगिरी
chekaanv  122,चेकॉव
spinagaarn  123,स्पिनगार्न
medal  124,मेडल
chetthinaad  125,चेत्तिनाद
hari  126,हरी
bhoomi  127,भूमि
yaanhmsan  128,थॉम्सन
hanumaan  129,हनुमान
abhinetri  130,अभिनेत्री
to  131,टू
abhinetri  132,अभिनेत्री
to sdkc   133,टू
towiugw  134,टू
hajagiree  135,हजगिरी
chekaanv  136,चेकॉव
spinagaarn  137,स्पिनगार्न
medal  138,मेडल
chetthinaad  139,चेत्तिनाद
hari  140,हरी
bhoomi  141,भूमि
yaanhmsan  142,थॉम्सन
hanumaan  143,हनुमान
abhinetri  144,अभिनेत्री
to  145,टू
abhinetri  146,अभिनेत्री
to  147,टू
hajagiree  148,हजगिरी
chekaanv  149,चेकॉव
spinagaarn  150,स्पिनगार्न
medal  151,मेडल
chetthinaad  152,चेत्तिनाद
hari  153,हरी
bhoomi  154,भूमि
yaanhmsan  155,थॉम्सन
hanumaan  156,हनुमान
abhinetri  157,अभिनेत्री
to  158,टू
abhinetri  159,अभिनेत्री
to sdkc   160,टू
towiugw  161,टू
hajagiree  162,हजगिरी
chekaanv  163,चेकॉव
spinagaarn  164,स्पिनगार्न
medal  165,मेडल
chetthinaad  166,चेत्तिनाद
hari  167,हरी
bhoomi  168,भूमि
yaanhmsan  169,थॉम्सन
hanumaan  170,हनुमान
abhinetri  171,अभिनेत्री
to  172,टू
abhinetri  173,अभिनेत्री
to  174,टू
hajagiree  175,हजगिरी
chekaanv  176,चेकॉव
spinagaarn  177,स्पिनगार्न
medal  178,मेडल
chetthinaad  179,चेत्तिनाद
hari  180,हरी
bhoomi  181,भूमि
yaanhmsan  182,थॉम्सन
hanumaan  183,हनुमान
abhinetri  184,अभिनेत्री
to  185,टू
abhinetri  186,अभिनेत्री
to sdkc   187,टू
towiugw  188,टू
hajagiree  189,हजगिरी
chekaanv  190,चेकॉव
spinagaarn  191,स्पिनगार्न
medal  192,मेडल
chetthinaad  193,चेत्तिनाद
hari  194,हरी
bhoomi  195,भूमि
yaanhmsan  196,थॉम्सन
hanumaan  197,हनुमान
abhinetri  198,अभिनेत्री
to  199,टू
abhinetri  200,अभिनेत्री
to  201,टू
hajagiree  202,हजगिरी
chekaanv  203,चेकॉव
spinagaarn  204,स्पिनगार्न
medal  205,मेडल
chetthinaad  206,चेत्तिनाद
hari  207,हरी
bhoomi  208,भूमि
yaanhmsan  209,थॉम्सन
hanumaan  210,हनुमान
abhinetri  211,अभिनेत्री
to  212,टू
abhinetri  213,अभिनेत्री
to sdkc   214,टू
towiugw  215,टू
hajagiree  216,हजगिरी
chekaanv  217,चेकॉव
spinagaarn  218,स्पिनगार्न
medal  219,मेडल
chetthinaad  220,चेत्तिनाद
hari  221,हरी
bhoomi  222,भूमि
yaanhmsan  223,थॉम्सन
hanumaan  224,हनुमान
abhinetri  225,अभिनेत्री
to  226,टू
abhinetri  227,अभिनेत्री
to  228,टू
hajagiree  229,हजगिरी
chekaanv  230,चेकॉव
spinagaarn  231,स्पिनगार्न
medal  232,मेडल
chetthinaad  233,चेत्तिनाद
hari  234,हरी
bhoomi  235,भूमि
yaanhmsan  236,थॉम्सन
hanumaan  237,हनुमान
abhinetri  238,अभिनेत्री
to  239,टू
abhinetri  240,अभिनेत्री
to sdkc   241,टू
towiugw  242,टू
hajagiree  243,हजगिरी
chekaanv  244,चेकॉव
spinagaarn  245,स्पिनगार्न
medal  246,मेडल
chetthinaad  247,चेत्तिनाद
hari  248,हरी
bhoomi  249,भूमि
yaanhmsan  250,थॉम्सन
hanumaan  251,हनुमान
abhinetri  252,अभिनेत्री
to  253,टू
abhinetri  254,अभिनेत्री
to  255,टू
hajagiree  256,हजगिरी
chekaanv  257,चेकॉव
spinagaarn  258,स्पिनगार्न
medal  259,मेडल
chetthinaad  260,चेत्तिनाद
hari  261,हरी
bhoomi  262,भूमि
yaanhmsan  263,थॉम्सन
hanumaan  264,हनुमान
abhinetri  265,अभिनेत्री
to  266,टू
abhinetri  267,अभिनेत्री
to sdkc   268,टू
towiugw  269,टू
hajagiree  270,हजगिरी
chekaanv  271,चेकॉव
spinagaarn  272,स्पिनगार्न
medal  273,मेडल
chetthinaad  274,चेत्तिनाद
hari  275,हरी
bhoomi  276,भूमि
yaanhmsan  277,थॉम्सन
hanumaan  278,हनुमान
abhinetri  279,अभिनेत्री
to  280,टू
abhinetri  281,अभिनेत्री
to  282,टू
hajagiree  283,हजगिरी
chekaanv  284,चेकॉव
spinagaarn  285,स्पिनगार्न
medal  286,मेडल
chetthinaad  287,चेत्तिनाद
hari  288,हरी
bhoomi  289,भूमि
yaanhmsan  290,थॉम्सन
hanumaan  291,हनुमान
abhinetri  292,अभिनेत्री
to  293,टू
abhinetri  294,अभिनेत्री
to sdkc   295,टू
towiugw  296,टू
hajagiree  297,हजगिरी
chekaanv  298,चेकॉव
spinagaarn  299,स्पिनगार्न
medal  300,मेडल
chetthinaad  301,चेत्तिनाद
hari  302,हरी
bhoomi  303,भूमि
yaanhmsan  304,थॉम्सन
hanumaan  305,हनुमान
abhinetri  306,अभिनेत्री
to  307,टू
abhinetri  308,अभिनेत्री
to  309,टू
hajagiree  310,हजगिरी
chekaanv  311,चेकॉव
spinagaarn  312,स्पिनगार्न
medal  313,मेडल
chetthinaad  314,चेत्तिनाद
hari  315,हरी
bhoomi  316,भूमि
yaanhmsan  317,थॉम्सन
hanumaan  318,हनुमान
abhinetri  319,अभिनेत्री
to  320,टू
abhinetri  321,अभिनेत्री
to sdkc   322,टू
towiugw  323,टू
hajagiree  324,हजगिरी
chekaanv  325,चेकॉव
spinagaarn  326,स्पिनगार्न
medal  327,मेडल
chetthinaad  328,चेत्तिनाद
hari  329,हरी
bhoomi  330,भूमि
yaanhmsan  331,थॉम्सन
hanumaan  332,हनुमान
abhinetri  333,अभिनेत्री
to  334,टू
abhinetri  335,अभिनेत्री
to  336,टू
hajagiree  337,हजगिरी
chekaanv  338,चेकॉव
spinagaarn  339,स्पिनगार्न
medal  340,मेडल
chetthinaad  341,चेत्तिनाद
hari  342,हरी
bhoomi  343,भूमि
yaanhmsan  344,थॉम्सन
hanumaan  345,हनुमान
abhinetri  346,अभिनेत्री
to  347,टू
abhinetri  348,अभिनेत्री
to sdkc   349,टू
towiugw  350,टू
hajagiree  351,हजगिरी
chekaanv  352,चेकॉव
spinagaarn  353,स्पिनगार्न
medal  354,मेडल
chetthinaad  355,चेत्तिनाद
hari  356,हरी
bhoomi  357,भूमि
yaanhmsan  358,थॉम्सन
hanumaan  359,हनुमान
abhinetri  360,अभिनेत्री
to  361,टू
abhinetri  362,अभिनेत्री
to  363,टू
hajagiree  364,हजगिरी
chekaanv  365,चेकॉव
spinagaarn  366,स्पिनगार्न
medal  367,मेडल
chetthinaad  368,चेत्तिनाद
hari  369,हरी
bhoomi  370,भूमि
yaanhmsan  371,थॉम्सन
hanumaan  372,हनुमान
abhinetri  373,अभिनेत्री
to  374,टू
abhinetri  375,अभिनेत्री
to sdkc   376,टू
towiugw  377,टू
hajagiree  378,हजगिरी
chekaanv  379,चेकॉव
spinagaarn  380,स्पिनगार्न
medal  381,मेडल
chetthinaad  382,चेत्तिनाद
hari  383,हरी
bhoomi  384,भूमि
yaanhmsan  385,थॉम्सन
hanumaan  386,हनुमान
abhinetri  387,अभिनेत्री
to  388,टू
abhinetri  389,अभिनेत्री
to  390,टू
hajagiree  391,हजगिरी
chekaanv  392,चेकॉव
spinagaarn  393,स्पिनगार्न
medal  394,मेडल
chetthinaad  395,चेत्तिनाद
hari  396,हरी
bhoomi  397,भूमि
yaanhmsan  398,थॉम्सन
hanumaan  399,हनुमान
abhinetri  400,अभिनेत्री
to  401,टू
abhinetri  402,अभिनेत्री
to sdkc   403,टू
towiugw  404,टू
hajagiree  405,हजगिरी
chekaanv  406,चेकॉव
spinagaarn  407,स्पिनगार्न
medal  408,मेडल
chetthinaad  409,चेत्तिनाद
hari  410,हरी
bhoomi  411,भूमि
yaanhmsan  412,थॉम्सन
hanumaan  413,हनुमान
abhinetri  414,अभिनेत्री
to  415,टू
abhinetri  416,अभिनेत्री
to  417,टू
hajagiree  418,हजगिरी
chekaanv  419,चेकॉव
spinagaarn  420,स्पिनगार्न
medal  421,मेडल
chetthinaad  422,चेत्तिनाद
hari  423,हरी
bhoomi  424,भूमि
yaanhmsan  425,थॉम्सन
hanumaan  426,हनुमान
abhinetri  427,अभिनेत्री
to  428,टू
abhinetri  429,अभिनेत्री
to sdkc   430,टू
towiugw  431,टू
hajagiree  432,हजगिरी
chekaanv  433,चेकॉव
spinagaarn  434,स्पिनगार्न
medal  435,मेडल
chetthinaad  436,चेत्तिनाद
hari  437,हरी
bhoomi  438,भूमि
yaanhmsan  439,थॉम्सन
hanumaan  440,हनुमान
abhinetri  441,अभिनेत्री
to  442,टू
abhinetri  443,अभिनेत्री
to  444,टू
hajagiree  445,हजगिरी
chekaanv  446,चेकॉव
spinagaarn  447,स्पिनगार्न
medal  448,मेडल
chetthinaad  449,चेत्तिनाद
hari  450,हरी
bhoomi  451,भूमि
yaanhmsan  452,थॉम्सन
hanumaan  453,हनुमान
abhinetri  454,अभिनेत्री
to  455,टू
abhinetri  456,अभिनेत्री
to sdkc   457,टू
towiugw  458,टू
hajagiree  459,हजगिरी
chekaanv  460,चेकॉव
spinagaarn  461,स्पिनगार्न
medal  462,मेडल
chetthinaad  463,चेत्तिनाद
hari  464,हरी
bhoomi  465,भूमि
yaanhmsan  466,थॉम्सन
hanumaan  467,हनुमान
abhinetri  468,अभिनेत्री
to  469,टू
abhinetri  470,अभिनेत्री
to  471,टू
hajagiree  472,हजगिरी
chekaanv  473,चेकॉव
spinagaarn  474,स्पिनगार्न
medal  475,मेडल
chetthinaad  476,चेत्तिनाद
hari  477,हरी
bhoomi  478,भूमि
yaanhmsan  479,थॉम्सन
hanumaan  480,हनुमान
abhinetri  481,अभिनेत्री
to  482,टू
abhinetri  483,अभिनेत्री
to sdkc   484,टू
towiugw  485,टू
hajagiree  486,हजगिरी
chekaanv  487,चेकॉव
spinagaarn  488,स्पिनगार्न
medal  489,मेडल
chetthinaad  490,चेत्तिनाद
hari  491,हरी
bhoomi  492,भूमि
yaanhmsan  493,थॉम्सन
hanumaan  494,हनुमान
abhinetri  495,अभिनेत्री
to  496,टू
abhinetri  497,अभिनेत्री
to  498,टू
hajagiree  499,हजगिरी
chekaanv  500,चेकॉव
spinagaarn  501,स्पिनगार्न
medal  502,मेडल
chetthinaad  503,चेत्तिनाद
hari  504,हरी
bhoomi  505,भूमि
yaanhmsan  506,थॉम्सन
hanumaan  507,हनुमान
abhinetri  508,अभिनेत्री
to  509,टू
abhinetri  510,अभिनेत्री
to sdkc   511,टू
towiugw  512,टू
hajagiree  513,हजगिरी
chekaanv  514,चेकॉव
spinagaarn  515,स्पिनगार्न
medal  516,मेडल
chetthinaad  517,चेत्तिनाद
hari  518,हरी
bhoomi  519,भूमि
yaanhmsan  520,थॉम्सन
hanumaan  521,हनुमान
abhinetri  522,अभिनेत्री
to  523,टू
abhinetri  524,अभिनेत्री
to  525,टू
hajagiree  526,हजगिरी
chekaanv  527,चेकॉव
spinagaarn  528,स्पिनगार्न
medal  529,मेडल
chetthinaad  530,चेत्तिनाद
hari  531,हरी
bhoomi  532,भूमि
yaanhmsan  533,थॉम्सन
hanumaan  534,हनुमान
abhinetri  535,अभिनेत्री
to  536,टू
abhinetri  537,अभिनेत्री
to sdkc   538,टू
towiugw  539,टू
hajagiree  540,हजगिरी
chekaanv  541,चेकॉव
spinagaarn  542,स्पिनगार्न
medal  543,मेडल
chetthinaad  544,चेत्तिनाद
hari  545,हरी
bhoomi  546,भूमि
yaanhmsan  547,थॉम्सन
hanumaan  548,हनुमान
abhinetri  549,अभिनेत्री
to  550,टू
abhinetri  551,अभिनेत्री
to  552,टू
hajagiree  553,हजगिरी
chekaanv  554,चेकॉव
spinagaarn  555,स्पिनगार्न
medal  556,मेडल
chetthinaad  557,चेत्तिनाद
hari  558,हरी
bhoomi  559,भूमि
yaanhmsan  560,थॉम्सन
hanumaan  561,हनुमान
abhinetri  562,अभिनेत्री
to  563,टू
abhinetri  564,अभिनेत्री
to sdkc   565,टू
towiugw  566,टू
hajagiree  567,हजगिरी
chekaanv  568,चेकॉव
spinagaarn  569,स्पिनगार्न
medal  570,मेडल
chetthinaad  571,चेत्तिनाद
hari  572,हरी
bhoomi  573,भूमि
yaanhmsan  574,थॉम्सन
hanumaan  575,हनुमान
abhinetri  576,अभिनेत्री
to  577,टू
abhinetri  578,अभिनेत्री
to  579,टू
hajagiree  580,हजगिरी
chekaanv  581,चेकॉव
spinagaarn  582,स्पिनगार्न
medal  583,मेडल
chetthinaad  584,चेत्तिनाद
hari  585,हरी
bhoomi  586,भूमि
yaanhmsan  587,थॉम्सन
hanumaan  588,हनुमान
abhinetri  589,अभिनेत्री
to  590,टू
abhinetri  591,अभिनेत्री
to sdkc   592,टू
towiugw  593,टू
hajagiree  594,हजगिरी
chekaanv  595,चेकॉव
spinagaarn  596,स्पिनगार्न
medal  597,मेडल
chetthinaad  598,चेत्तिनाद
hari  599,हरी
bhoomi  600,भूमि
yaanhmsan  601,थॉम्सन
hanumaan  602,हनुमान
abhinetri  603,अभिनेत्री
